{
  "navigator": {
    "userAgent": "Mozilla/5.0 (Linux; Android 10; K) AppleWebKit/537.36 (KHTML, like Gecko) Chrome/134.0.6998.36 Safari/537.36",
    "resolution": "892x412",
    "language": "en-US,en;q=0.9",
    "platform": "Linux armv81",
    "hardwareConcurrency": 8,
    "deviceMemory": 8,
    "maxTouchPoints": 5
  },
  "canvas": {
    "mode": "off"
  },
  "mediaDevices": {},
  "webGLMetadata": {
    "mode": "noise",
    "vendor": "Google Inc. (ARM)",
    "renderer": "ANGLE (ARM, Mali-G78 MP20, OpenGL ES 3.2)"
  },
  "webglParams": {
    "glCanvas": "webgl2",
    "supportedFunctions": [
      {
        "name": "beginQuery",
        "supported": true
      },
      {
        "name": "beginTransformFeedback",
        "supported": true
      },
      {
        "name": "bindBufferBase",
        "supported": true
      },
      {
        "name": "bindBufferRange",
        "supported": true
      },
      {
        "name": "bindSampler",
        "supported": true
      },
      {
        "name": "bindTransformFeedback",
        "supported": true
      },
      {
        "name": "bindVertexArray",
        "supported": true
      },
      {
        "name": "blitFramebuffer",
        "supported": true
      },
      {
        "name": "clearBufferfi",
        "supported": true
      },
      {
        "name": "clearBufferfv",
        "supported": true
      },
      {
        "name": "clearBufferiv",
        "supported": true
      },
      {
        "name": "clearBufferuiv",
        "supported": true
      },
      {
        "name": "clientWaitSync",
        "supported": true
      },
      {
        "name": "compressedTexImage3D",
        "supported": true
      },
      {
        "name": "compressedTexSubImage3D",
        "supported": true
      },
      {
        "name": "copyBufferSubData",
        "supported": true
      },
      {
        "name": "copyTexSubImage3D",
        "supported": true
      },
      {
        "name": "createQuery",
        "supported": true
      },
      {
        "name": "createSampler",
        "supported": true
      },
      {
        "name": "createTransformFeedback",
        "supported": true
      },
      {
        "name": "createVertexArray",
        "supported": true
      },
      {
        "name": "deleteQuery",
        "supported": true
      },
      {
        "name": "deleteSampler",
        "supported": true
      },
      {
        "name": "deleteSync",
        "supported": true
      },
      {
        "name": "deleteTransformFeedback",
        "supported": true
      },
      {
        "name": "deleteVertexArray",
        "supported": true
      },
      {
        "name": "drawArraysInstanced",
        "supported": true
      },
      {
        "name": "drawBuffers",
        "supported": true
      },
      {
        "name": "drawElementsInstanced",
        "supported": true
      },
      {
        "name": "drawRangeElements",
        "supported": true
      },
      {
        "name": "endQuery",
        "supported": true
      },
      {
        "name": "endTransformFeedback",
        "supported": true
      },
      {
        "name": "fenceSync",
        "supported": true
      },
      {
        "name": "framebufferTextureLayer",
        "supported": true
      },
      {
        "name": "getActiveUniformBlockName",
        "supported": true
      },
      {
        "name": "getActiveUniformBlockParameter",
        "supported": true
      },
      {
        "name": "getActiveUniforms",
        "supported": true
      },
      {
        "name": "getBufferSubData",
        "supported": true
      },
      {
        "name": "getFragDataLocation",
        "supported": true
      },
      {
        "name": "getIndexedParameter",
        "supported": true
      },
      {
        "name": "getInternalformatParameter",
        "supported": true
      },
      {
        "name": "getQuery",
        "supported": true
      },
      {
        "name": "getQueryParameter",
        "supported": true
      },
      {
        "name": "getSamplerParameter",
        "supported": true
      },
      {
        "name": "getSyncParameter",
        "supported": true
      },
      {
        "name": "getTransformFeedbackVarying",
        "supported": true
      },
      {
        "name": "getUniformBlockIndex",
        "supported": true
      },
      {
        "name": "getUniformIndices",
        "supported": true
      },
      {
        "name": "invalidateFramebuffer",
        "supported": true
      },
      {
        "name": "invalidateSubFramebuffer",
        "supported": true
      },
      {
        "name": "isQuery",
        "supported": true
      },
      {
        "name": "isSampler",
        "supported": true
      },
      {
        "name": "isSync",
        "supported": true
      },
      {
        "name": "isTransformFeedback",
        "supported": true
      },
      {
        "name": "isVertexArray",
        "supported": true
      },
      {
        "name": "pauseTransformFeedback",
        "supported": true
      },
      {
        "name": "readBuffer",
        "supported": true
      },
      {
        "name": "renderbufferStorageMultisample",
        "supported": true
      },
      {
        "name": "resumeTransformFeedback",
        "supported": true
      },
      {
        "name": "samplerParameterf",
        "supported": true
      },
      {
        "name": "samplerParameteri",
        "supported": true
      },
      {
        "name": "texImage3D",
        "supported": true
      },
      {
        "name": "texStorage2D",
        "supported": true
      },
      {
        "name": "texStorage3D",
        "supported": true
      },
      {
        "name": "texSubImage3D",
        "supported": true
      },
      {
        "name": "transformFeedbackVaryings",
        "supported": true
      },
      {
        "name": "uniform1ui",
        "supported": true
      },
      {
        "name": "uniform1uiv",
        "supported": true
      },
      {
        "name": "uniform2ui",
        "supported": true
      },
      {
        "name": "uniform2uiv",
        "supported": true
      },
      {
        "name": "uniform3ui",
        "supported": true
      },
      {
        "name": "uniform3uiv",
        "supported": true
      },
      {
        "name": "uniform4ui",
        "supported": true
      },
      {
        "name": "uniform4uiv",
        "supported": true
      },
      {
        "name": "uniformBlockBinding",
        "supported": true
      },
      {
        "name": "uniformMatrix2x3fv",
        "supported": true
      },
      {
        "name": "uniformMatrix2x4fv",
        "supported": true
      },
      {
        "name": "uniformMatrix3x2fv",
        "supported": true
      },
      {
        "name": "uniformMatrix3x4fv",
        "supported": true
      },
      {
        "name": "uniformMatrix4x2fv",
        "supported": true
      },
      {
        "name": "uniformMatrix4x3fv",
        "supported": true
      },
      {
        "name": "vertexAttribDivisor",
        "supported": true
      },
      {
        "name": "vertexAttribI4i",
        "supported": true
      },
      {
        "name": "vertexAttribI4iv",
        "supported": true
      },
      {
        "name": "vertexAttribI4ui",
        "supported": true
      },
      {
        "name": "vertexAttribI4uiv",
        "supported": true
      },
      {
        "name": "vertexAttribIPointer",
        "supported": true
      },
      {
        "name": "waitSync",
        "supported": true
      }
    ],
    "glParamValues": [
      {
        "name": "ALIASED_LINE_WIDTH_RANGE",
        "value": {
          "0": 1,
          "1": 4095.9375
        }
      },
      {
        "name": "ALIASED_POINT_SIZE_RANGE",
        "value": {
          "0": 1,
          "1": 1024
        }
      },
      {
        "name": "ALPHA_BITS",
        "value": 8
      },
      {
        "name": "BLUE_BITS",
        "value": 8
      },
      {
        "name": "DEPTH_BITS",
        "value": 24
      },
      {
        "name": "GREEN_BITS",
        "value": 8
      },
      {
        "name": "MAX_3D_TEXTURE_SIZE",
        "value": 4096
      },
      {
        "name": "MAX_ARRAY_TEXTURE_LAYERS",
        "value": 2048
      },
      {
        "name": "MAX_COLOR_ATTACHMENTS",
        "value": 8
      },
      {
        "name": "MAX_COMBINED_FRAGMENT_UNIFORM_COMPONENTS",
        "value": 606208
      },
      {
        "name": "MAX_COMBINED_TEXTURE_IMAGE_UNITS",
        "value": 64
      },
      {
        "name": "MAX_COMBINED_UNIFORM_BLOCKS",
        "value": 60
      },
      {
        "name": "MAX_COMBINED_VERTEX_UNIFORM_COMPONENTS",
        "value": 606208
      },
      {
        "name": "MAX_CUBE_MAP_TEXTURE_SIZE",
        "value": 4096
      },
      {
        "name": "MAX_DRAW_BUFFERS",
        "value": 8
      },
      {
        "name": "MAX_FRAGMENT_INPUT_COMPONENTS",
        "value": 124
      },
      {
        "name": "MAX_FRAGMENT_UNIFORM_BLOCKS",
        "value": 16
      },
      {
        "name": "MAX_FRAGMENT_UNIFORM_COMPONENTS",
        "value": 4096
      },
      {
        "name": "MAX_FRAGMENT_UNIFORM_VECTORS",
        "value": 1024
      },
      {
        "name": "MAX_PROGRAM_TEXEL_OFFSET",
        "value": 7
      },
      {
        "name": "MAX_RENDERBUFFER_SIZE",
        "value": 16383
      },
      {
        "name": "MAX_SAMPLES",
        "value": 4
      },
      {
        "name": "MAX_TEXTURE_IMAGE_UNITS",
        "value": 32
      },
      {
        "name": "MAX_TEXTURE_LOD_BIAS",
        "value": 256
      },
      {
        "name": "MAX_TEXTURE_SIZE",
        "value": 4096
      },
      {
        "name": "MAX_TRANSFORM_FEEDBACK_INTERLEAVED_COMPONENTS",
        "value": 64
      },
      {
        "name": "MAX_TRANSFORM_FEEDBACK_SEPARATE_ATTRIBS",
        "value": 4
      },
      {
        "name": "MAX_TRANSFORM_FEEDBACK_SEPARATE_COMPONENTS",
        "value": 4
      },
      {
        "name": "MAX_UNIFORM_BLOCK_SIZE",
        "value": 65536
      },
      {
        "name": "MAX_UNIFORM_BUFFER_BINDINGS",
        "value": 72
      },
      {
        "name": "MAX_VARYING_COMPONENTS",
        "value": 124
      },
      {
        "name": "MAX_VARYING_VECTORS",
        "value": 31
      },
      {
        "name": "MAX_VERTEX_ATTRIBS",
        "value": 16
      },
      {
        "name": "MAX_VERTEX_OUTPUT_COMPONENTS",
        "value": 128
      },
      {
        "name": "MAX_VERTEX_TEXTURE_IMAGE_UNITS",
        "value": 32
      },
      {
        "name": "MAX_VERTEX_UNIFORM_BLOCKS",
        "value": 16
      },
      {
        "name": "MAX_VERTEX_UNIFORM_COMPONENTS",
        "value": 4096
      },
      {
        "name": "MAX_VERTEX_UNIFORM_VECTORS",
        "value": 1024
      },
      {
        "name": "MAX_VIEWPORT_DIMS",
        "value": {
          "0": 16383,
          "1": 16383
        }
      },
      {
        "name": "MIN_PROGRAM_TEXEL_OFFSET",
        "value": -8
      },
      {
        "name": "RED_BITS",
        "value": 8
      },
      {
        "name": "RENDERER",
        "value": "WebKit WebGL"
      },
      {
        "name": "SHADING_LANGUAGE_VERSION",
        "value": "WebGL GLSL ES 3.00 (OpenGL ES GLSL ES 3.0 Chromium)"
      },
      {
        "name": "STENCIL_BITS",
        "value": 8
      },
      {
        "name": "UNIFORM_BUFFER_OFFSET_ALIGNMENT",
        "value": 256
      },
      {
        "name": "VENDOR",
        "value": "WebKit"
      },
      {
        "name": "VERSION",
        "value": "WebGL 2.0 (OpenGL ES 3.0 Chromium)"
      }
    ],
    "antialiasing": true,
    "textureMaxAnisotropyExt": 16,
    "shaiderPrecisionFormat": "highp/highp",
    "extensions": [
      "ANGLE_instanced_arrays",
      "EXT_blend_minmax",
      "EXT_color_buffer_float",
      "EXT_color_buffer_half_float",
      "EXT_float_blend",
      "EXT_sRGB",
      "EXT_texture_filter_anisotropic",
      "EXT_texture_norm16",
      "KHR_parallel_shader_compile",
      "OES_draw_buffers_indexed",
      "OES_element_index_uint",
      "OES_fbo_render_mipmap",
      "OES_standard_derivatives",
      "OES_texture_float",
      "OES_texture_float_linear",
      "OES_texture_half_float",
      "OES_texture_half_float_linear",
      "OES_vertex_array_object",
      "WEBGL_color_buffer_float",
      "WEBGL_compressed_texture_astc",
      "WEBGL_compressed_texture_etc",
      "WEBGL_compressed_texture_etc1",
      "WEBGL_debug_renderer_info",
      "WEBGL_debug_shaders",
      "WEBGL_depth_texture",
      "WEBGL_lose_context",
      "WEBGL_multi_draw"
    ]
  },
  "webGL": {
    "mode": "off"
  },
  "clientRects": {
    "mode": "off"
  },
  "os": "android",
  "osSpec": "",
  "devicePixelRatio": 3.5,
  "fonts": [
    "Andale Mono",
    "Arial",
    "Arial Black",
    "Arial Hebrew",
    "Arial Narrow",
    "Arial Rounded MT Bold",
    "Arial Unicode MS",
    "Comic Sans MS",
    "Courier",
    "Courier New",
    "Geneva",
    "Georgia",
    "Helvetica",
    "Helvetica Neue",
    "Impact",
    "LUCIDA GRANDE",
    "Microsoft Sans Serif",
    "Monaco",
    "Palatino",
    "Tahoma",
    "Times",
    "Times New Roman",
    "Trebuchet MS",
    "Verdana",
    "Wingdings",
    "Wingdings 2",
    "Wingdings 3",
    "Academy Engraved LET",
    "American Typewriter",
    "Apple Chancery",
    "Apple Color Emoji",
    "Apple SD Gothic Neo",
    "AVENIR",
    "Ayuthaya",
    "Bangla Sangam MN",
    "Baskerville",
    "Big Caslon",
    "Bodoni 72",
    "Bodoni 72 Oldstyle",
    "Bodoni 72 Smallcaps",
    "Bradley Hand",
    "Brush Script MT",
    "Chalkboard",
    "Chalkboard SE",
    "Chalkduster",
    "Cochin",
    "Copperplate",
    "Didot",
    "Euphemia UCAS",
    "Futura",
    "Geeza Pro",
    "Gill Sans",
    "Gujarati Sangam MN",
    "Gurmukhi MN",
    "Heiti SC",
    "Heiti TC",
    "Hiragino Kaku Gothic ProN",
    "Hiragino Mincho ProN",
    "Hoefler Text",
    "Kailasa",
    "Kannada Sangam MN",
    "Krungthep",
    "Malayalam Sangam MN",
    "Marion",
    "Marker Felt",
    "Nadeem",
    "Noteworthy",
    "OPTIMA",
    "Oriya Sangam MN",
    "Papyrus",
    "Party LET",
    "Plantagenet Cherokee",
    "Rockwell",
    "Savoye LET",
    "Sinhala Sangam MN",
    "Skia",
    "Snell Roundhand",
    "Tamil Sangam MN",
    "Telugu Sangam MN",
    "Thonburi",
    "Zapfino"
  ],
  "extensionsToNewProfiles": [],
  "userExtensionsToNewProfiles": [],
  "autoLang": true
}